Chesterville Plains,,,,,,,,
Chesterville-Mills,,,,,,,,
Chesterville-Plains,,,,,,,,
Coplin,,,,,,,,
Coplin Plantation,,,,,,,,
Coplin Platform,,,,,,,,
Cushing Island,,,,,,,,
Cushing's Island,,,,,,,,
Cutler,,,,,,,,
Cutler ,,,,,,,,
Dix Island,,,,,,,,
Dixfield,,,,,,,,
Dover,,,,,,,,
Dover ,,,,,,,,
Drake's Island,,,,,,,,
Drake's Island ,,,,,,,,
East Livermoore,,,,,,,,
East Livermore,,,,,,,,
East Livermore ,,,,,,,,
Farmington,,,,,,,,
Farmington ,,,,,,,,
Farmnigton,,,,,,,,
Fayette,,,,,,,,
Fayette ,,,,,,,,
Fayette Ridge,,,,,,,,
Fort Kent,,,,,,,,
Fort Kent ,,,,,,,,
Fort Popham,,,,,,,,
Fort-Popham,,,,,,,,
Gardiner,,,,,,,,
Gardiner ,,,,,,,,
Gilead,,,,,,,,
Gilead ,,,,,,,,
Gillead,,,,,,,,
Gray,,,,,,,,
Gray ,,,,,,,,
Greenvale,,,,,,,,
Greenvale ,,,,,,,,
Greenville,,,,,,,,
Harpswell,,,,,,,,
Harpswell Island,,,,,,,,
Harpswell Neck,,,,,,,,
Illegible/ Aroostook,,,,,,,,
Kent's Hill,,,,,,,,
Kents Hill,,,,,,,,
Kents Hills,,,,,,,,
Livermoore Falls,,,,,,,,
Livermore,,,,,,,,
Livermore ,,,,,,,,
Livermore Falls,,,,,,,,
Livermore Falls ,,,,,,,,
Machias,,,,,,,,
Machias ,,,,,,,,
Marshfield,,,,,,,,
Mattawam,,,,,,,,
Mattawamkeag,,,,,,,,
Mattawaumkeag,,,,,,,,
Mayos Pond,,,,,,,,
Mexico,,,,,,,,
Middle Range Pond,,,,,,,,
Modawaska Township,,,,,,,,
Mohegan,,,,,,,,
Mohegan Island,,,,,,,,
Monhegan,,,,,,,,
Monhegan ,,,,,,,,
Monhegan Island,,,,,,,,
Monhegan Island ,,,,,,,,
Mount Desert,,,,,,,,
Mount Desert Island,,,,,,,,
Mount Katahdin,,,,,,,,
Mount Katahdin ,,,,,,,,
Northport,,,,,,,,
Northport ,,,,,,,,
np,,,,,,,,
Ogunquit,,,,,,,,
Ogunquit Beach,,,,,,,,
Ogunquit Beach Wells,,,,,,,,
Old Orchard,,,,,,,,
Old Orchard Beach,,,,,,,,
Ornon,,,,,,,,
Orono,,,,,,,,
Orono ,,,,,,,,
Patten,,,,,,,,
Patten ,,,,,,,,
Pemaquid,,,,,,,,
Pemaquid ,,,,,,,,
Poland,,,,,,,,
Poland ,,,,,,,,
Preque Island,,,,,,,,
Presque Isle,,,,,,,,
Presque-Isle,,,,,,,,
Rangeley,,,,,,,,
Rangeley ,,,,,,,,
Rangley,,,,,,,,
Readfield,,,,,,,,
Readfield ,,,,,,,,
Rogue's Bluffs,,,,,,,,
Rogues' Bluffs,,,,,,,,
RumforDCenter,,,,,,,,
Scarborough,,,,,,,,
Shapleigh,,,,,,,,
Shapleigh ,,,,,,,,
Showhegan,,,,,,,,
Skowhegan,,,,,,,,
Skowhegan ,,,,,,,,
Sorrent,,,,,,,,
Sorrento,,,,,,,,
South Poland,,,,,,,,
South Poland ,,,,,,,,
South Portland ,,,,,,,,
South Thomaston,,,,,,,,
Southport,,,,,,,,
St. Francis,,,,,,,,
St. Francis ,,,,,,,,
St. John,,,,,,,,
St. John's River,,,,,,,,
Strong,,,,,,,,
Strong ,,,,,,,,
"The Island"" Cutler """"The Island"" Cutler """"he Islan""",,,,,,,,
Topsham,,,,,,,,
Topsham ,,,,,,,,
Van Buren,,,,,,,,
Van Buren ,,,,,,,,
Wayne Pond,,,,,,,,
Wayne Pond ,,,,,,,,
Wayne Pond - Lisbon Falls,,,,,,,,
Wells,,,,,,,,
Wells ,,,,,,,,
Wells Beach,,,,,,,,
Wells Beach ,,,,,,,,
West Baldwim ,,,,,,,,
West Baldwin,,,,,,,,
West Baldwin ,,,,,,,,
West Bath,,,,,,,,
West-Baldwin,,,,,,,,
West-Bath,,,,,,,,
Winnegance,,,,,,,,
Winnegance ,,,,,,,,
,,,,,,,,
,,,,,,,,
,,,,,,,,
,,,,,,,,
,,,,,,,,
,,,,,,,,
,,,,,,,,
,,,,,,,,
,,,,,,,,
,,,,,,,,
,,,,,,,,
,,,,,,,,
,,,,,,,,
,,,,,,,,
,,,,,,,,
,,,,,,,,
,,,,,,,,
,,,,,,,,
,,,,,,,,
,,,,,,,,
,,,,,,,,
,,,,,,,,
,,,,,,,,
,,,,,,,,
,,,,,,,,
,,,,,,,,
,,,,,,,,
,,,,,,,,
,,,,,,,,
,,,,,,,,
,,,,,,,,
,,,,,,,,
,,,,,,,,
,,,,,,,,
,,,,,,,,
,,,,,,,,
,,,,,,,,
,,,,,,,,
,,,,,,,,
,,,,,,,,
,,,,,,,,
,,,,,,,,
,,,,,,,,
,,,,,,,,
,,,,,,,,
,,,,,,,,
,,,,,,,,
,,,,,,,,
,,,,,,,,
,,,,,,,,
,,,,,,,,
,,,,,,,,
,,,,,,,,
,,,,,,,,
,,,,,,,,
,,,,,,,,
,,,,,,,,
,,,,,,,,
,,,,,,,,
,,,,,,,,
,,,,,,,,
,,,,,,,,
,,,,,,,,
,,,,,,,,
,,,,,,,,
,,,,,,,,
,,,,,,,,
,,,,,,,,
,,,,,,,,
,,,,,,,,
,,,,,,,,
,,,,,,,,
,,,,,,,,
,,,,,,,,
,,,,,,,,
,,,,,,,,
,,,,,,,,
,,,,,,,,
,,,,,,,,
,,,,,,,,
,,,,,,,,
,,,,,,,,
,,,,,,,,
,,,,,,,,
,,,,,,,,
,,,,,,,,
,,,,,,,,
,,,,,,,,
,,,,,,,,
,,,,,,,,
,,,,,,,,
,,,,,,,,
,,,,,,,,
,,,,,,,,
,,,,,,,,
,,,,,,,,
,,,,,,,,
,,,,,,,,
,,,,,,,,
,,,,,,,,
,,,,,,,,
,,,,,,,,
,,,,,,,,
,,,,,,,,
,,,,,,,,
,,,,,,,,
,,,,,,,,
,,,,,,,,
,,,,,,,,
,,,,,,,,
,,,,,,,,
,,,,,,,,
,,,,,,,,
,,,,,,,,
,,,,,,,,
,,,,,,,,
,,,,,,,,
,,,,,,,,
,,,,,,,,
,,,,,,,,
,,,,,,,,
,,,,,,,,
,,,,,,,,
,,,,,,,,
,,,,,,,,
,,,,,,,,
,,,,,,,,
,,,,,,,,
,,,,,,,,
,,,,,,,,
,,,,,,,,
,,,,,,,,
,,,,,,,,
,,,,,,,,
,,,,,,,,
,,,,,,,,
,,,,,,,,
,,,,,,,,
,,,,,,,,
,,,,,,,,
,,,,,,,,
,,,,,,,,
,,,,,,,,
,,,,,,,,
,,,,,,,,
,,,,,,,,
,,,,,,,,
,,,,,,,,
,,,,,,,,
,,,,,,,,
,,,,,,,,
,,,,,,,,
,,,,,,,,
,,,,,,,,
,,,,,,,,
,,,,,,,,
,,,,,,,,
,,,,,,,,
,,,,,,,,
,,,,,,,,
,,,,,,,,
,,,,,,,,
,,,,,,,,Leeds